OBJECT_ID,Name of Museum or HC,Add1,Add2,Add3,County,Postcode
1,Ballycastle Museum,59 Castle Street,,Ballycastle,Antrim,BT54 6AS
2,Ballymoney Museum,Town Hall,,Ballymoney,Antrim,BT53 6BE
3,Brookhall Historical Farm,2 Horse Park,Magheragall,Lisburn,Antrim,BT28 2QU
4,Andrew Jackson Cottage and US Rangers Centre,2 Boneybefore Road,,Carrickfergus,Antrim,BT38 7EQ
5,Carrickfergus Museum and Civic Centre,11 Antrim Street,,Carrickfergus,Antrim,BT38 7DG
6,Fernhill House - The People's Museum,Glencairn Park,Glencairn,Belfast,Antrim,BT13 3PU
7,Flame - The Gasworks Museum of Ireland,44 Irish Quarter West,,Carrickfergus,Antrim,BT38 8AT
8,Irish Linen Centre and Lisburn Museum,Market Square,,Lisburn,Antrim,BT28 1AG
9,Eileen Hickey Museum - Irish Republican History Museum,Conway Mill Complex,Conway Street,Belfast,Antrim,BT13 2DE
10,Larne Museum & Arts Centre,2 Victoria Road,,Larne,Antrim,BT40 1RN
11,Museum at the Mill,Carnmoney Road North,Ballyhenry,Newtownabbey,Antrim,BT36 5QA
12,Naughton's Gallery at Queen's,Lanyan Building,Queen's University,Belfast,Antrim,BT7 1NN
13,Old Bushmills Distillery,2 Distillery Road,,Bushmills,Antrim,BT57 8XH
14,Police Museum,PSNI Headquarters,65 Knock Road,Belfast,Antrim,BT5 6LE
15,Railway Preservation Society of Ireland,Castleview Road,,Whitehead,Antrim,BT38 9NA
16,Royal Irish Regiment Museum,St. Patricks Barracks,,Ballymena,Antrim,BT43 7BH
17,Royal Ulster Rifles Museum,5 Waring Street,,Belfast,Antrim,BT1 2EW
18,Sentry Hill Visitor Centre,40 Ballycraigy Road,,Newtownabbey,Antrim,BT36 4SX
19,The Braid Mid-Antrim Museum,Town Hall Museum and Arts Centre,1-29 Bridge Street,Ballymena,Antrim,BT43 5EJ
20,Ulster Aviation Heritage Centre,Long Kesh former WW2 Airfield,,Lisburn,Antrim,BT27 5RF
21,Ulster Museum,Botanic Gardens,,Belfast,Antrim,BT9 5AB
22,W5 Science Centre,2 Queen's Quay,,Belfast,Antrim,BT3 9QQ
23,Titanic Belfast - Titanic Experience,1 Olympic Way,Queen's Road,Belfast,Antrim,BT3 9EP
24,Armagh County Museum,The Mall East,,Armagh,Armagh,BT61 9BE
25,Armagh Planetarium,College Hill,,Armagh,Armagh,BT61 9DB
26,Armagh Public Library,43 Abbey Street,,Armagh,Armagh,BT61 7DY
27,Barn Museum,Tannaghmore Animal Farm & Gardens,Silverwood,Craigavon,Armagh,BT66 6LF
28,Craigavon Museum,Lough Neagh Discovery Centre,Oxford Island,Craigavon,Armagh,BT66 6NJ
29,Moneypenny's Lock and Lockhouse,Horseshoe Lane,,Portadown,Armagh,BT62 3RF
30,No. 5 Vicar's Hill,The Registry,5 Vicar's Hill,Armagh,Armagh,BT61 7ED
31,Royal Irish Fusilier's Regimental Museum,Sovereign's House,The Mall,Armagh,Armagh,BT61 9DL
32,The Enterprize Barge,Beside Waterside House,,Craigavon,Armagh,BT66 6NJ
33,Bishop Daniel Delany Museum,Brigidine Convent,,Tullow,Carlow,
34,Carlow County Museum,College Street,,Carlow,Carlow,
35,Cottage Collection and Museum,Ballynoe,Ardattin,Tullow,Carlow,
36,Tullow Museum,Bridge Street,,Tullow,Carlow,
37,Huntington Castle & Gardens,,,Clonegal,Carlow,
38,St Mullins Heritage Centre,,,St. Mullins,Carlow,
39,County Carlow Military Museum,Old Church,St. Dympna's,Athy Road,Carlow,
40,The Delany Archive,Carlow College,College Street,Carlow,Carlow,
41,Borris House,,,Borris,Carlow,
42,St Laserian's Cathedral,,,Old Leighlin,Carlow,
43,The Weavers Cottages,,,Clonegal,Carlow,
44,Ballyhugh Arts and Cultural Centre,Ballyhugh House,,Ballyconnell,Cavan,
45,Cavan County Museum,Virginia Road,,Ballyjamesduff,Cavan,
46,Museum of the Master Saddler,,,Corlough,Cavan,
47,St. Kilian's Heritage Centre,Virginia Road,,Mullagh,Cavan,
48,Bawnboy Workhouse,,,Bawnboy,Cavan,
49,The Backyard Arts Centre,Moynehall House,Moynehall,Cavan,Cavan,
50,The Cavan Burren,,,Blacklion,Cavan,
51,Bailieborough Arts and Culture Centre,Adelaide Row,,Bailieborough,Cavan,
52,Belturbet Railway Station,Railway Road,,Belturbet,Cavan,
53,Brian Boru Heritage Centre,The Bridge,,Killaloe,Clare,
54,Clare County Archives,Clare County Council,New Road,Ennis,Clare,
55,Clare Museum,Arthurs Row,Off O'Connell Square,Ennis,Clare,
56,Clare Heritage and Genealogy Centre,Church Street,,Corofin,Clare,
57,Clare Heritage and Genealogy Museum,Church Street,,Corofin,Clare,
58,Cliffs of Moher Visitor Experience,Cliffs of Moher,,Liscannor,Clare,
59,Knappogue Castle & Walled Garden,,,Quin,Clare,
60,DeValera Public Library and Gallery,Old Presbyterian Church,Harmony Row,Ennis,Clare,
61,Local Studies Centre,The Manse,Harmony Row,Ennis,Clare,
62,East Clare Heritage,St. Cronan's,,Tuamgraney,Clare,
63,The Clare Archaeology Centre,Dysert O'Dea Castle,,Corofin,Clare,
64,The Burren Centre,,,Kilfenora,Clare,
65,The Rock Shop,Derreen,,Lahinch,Clare,
66,Scattery Island Visitors Centre,Scattery Island,,Kilrush,Clare,
67,Vandeleur Walled Garden,Vandeleur Demesne,Killimer Road,Kilrush,Clare,
68,Regional Archive - Irish Traditional Music Archive,Cois na hAmhana Regional Resource Centre,Gort Road,Ennis,Clare,
69,Irish Seed Savers,Capparoe,,Scarriff,Clare,
70,Michael Cusack Centre,Carron,,The Burren,Clare,
71,Bunratty Castle Medieval Collection,Bunratty Castle,,Bunratty,Clare,
72,Bunratty Castle & Folk Park,Bunratty Castle,,Bunratty,Clare,
73,Craggaunowen- The Living Past,Kilmurry,,Quin,Clare,
74,Ennis Friary,Abbey Street,,Ennis,Clare,
75,Allihies Copper Mine Museum,Allihies,Beara,West Cork,Cork,
76,Bantry Historical Society and Museum,Wolfe Tone Square,,Bantry,Cork,
77,Bantry House and Garden,,,Bantry,Cork,
78,Barryscourt Castle,,,Carrigtwohill,Cork,
79,Blackrock Castle Observatory,,,Blackrock,Cork,
80,Boole Library Archive Services,U.C.C.,College Road,Cork,Cork,
81,Cobh Museum,Scots Church,Highroad,Cobh,Cork,
82,Cobh Heritage Centre,,,Cobh,Cork,
83,Cork City and County Archives,Seamus Murphy Building,32 Great William O'Brien Street,Cork,Cork,
84,The Cork Butter Museum,Tony O'Reilly Centre,O'Connell Square,Shandon,Cork,
85,Cork City Gaol,Convent Avenue ,Sunday's Well,Cork,Cork,
86,Elizabeth Fort,Barracks Street,,Cork,Cork,
87,Cork Vision Centre,St. Peter's,North Main Street,Cork,Cork,
88,Crawford Municipal Art Gallery,Emmet Place,,Cork,Cork,
89,"Fota House, Arboretum and Gardens",Fota Island,,Carrigtwohill,Cork,
90,Fota Wildlife Park,,,Carrigtwohill,Cork,
91,Gurtnagrough Folk Museum,Gurtnagrough House,,Ballydehob,Cork,
92,Desmond Castle & the International Museum of Wine,Desmond Castle,Cork Street,Kinsale,Cork,
93,Kells Transport Museum,Blossomgrove,Glanmire,Cork,Cork,
94,Leahy's Open Farm and Museum,,,Dungourney,Cork,
95,Lewis Glucksman Gallery,University College Cork,,Cork,Cork,
96,Lifetime Lab @ Old Cork Waterworks,Lee Road,,Cork,Cork,
97,Michael Collins Centre,Castleview,,Clonakilty,Cork,
98,Millstreet Local Museum,Carnegie Hall,,Millstreet,Cork,
99,Mizen Head Signal Station,The Harbour Road,Golleen,West Cork,Cork,
100,Jameson Experience Midleton,Old Midleton Distillery,Distillery Walk,Middleton,Cork,
101,Schull Planetarium,Colla Road,Schull,West Cork,Cork,
102,Sirius Arts Centre,Old Yacht Club,Lower Road,Cobh,Cork,
103,Skibbereen Heritage Centre,Old Gasworks Building,Upper Bridge Street,Skibbereen,Cork,
104,Kilmurry Museum,Kilmurry,,Lissarda,Cork,
105,West Cork Heritage Centre,North Main Street,,Bandon,Cork,
106,West Cork Model Railway Village,The Station,Inchydoney Road,Clonakilty,Cork,
107,West Cork Regional Museum,Old Methodist School,Western Road,Clonakilty,Cork,
108,Cape Clear Museum & Archive,,,Cape Clear Island,Cork,
109,Cork Public Museum,Fitzgerald Park,Mardyke,Cork,Cork,
110,Youghal Heritage Centre,,,Youghal,Cork,
111,Spike Island,,,Cork Harbour,Cork,
112,Camden Fort Meagher,Crosshaven,,Cork Harbour,Cork,
113,Michael Collins House ,7 Emmet Square,,Clonakilty,Cork,
114,Triskel Christchurch Arts Centre,Tobin Street,,Cork,Cork,
115,Saint Fin Barre's Cathedral,Dean Street,,Cork,Cork,
116,Kinsale Regional Museum,Market Square,,Kinsale,Cork,
117,Charles Fort,Summer Cove,,Kinsale,Cork,
118,Dunlewey Centre - Ionad Cois Locha,Dunlewey,Gweedore,Letterkenny,Donegal,
119,Donegal County Museum,High Road,,Letterkenny,Donegal,
120,Donegal Studies  - Local and Family History,Central Library,Oliver Plunkett Road,Letterkenny,Donegal,
121,Glebe House and Gallery - The Derek Hill Collection,Church Hill,,Letterkenny,Donegal,
122,Cavanacor House and Gallery,Ballindrait,,Lifford,Donegal,
123,Glencolmcille Folk Village/Fr. McDyer's Folk Village Museum,,,Glencolmcille,Donegal,
124,Donegal Railway Heritage Centre,The Old Station House,Tyrconnell Street,Donegal,Donegal,
125,Donegal Castle,Castle Street,,Donegal,Donegal,
126,St Connells Cultural & Heritage Museum,Main Street,,Glenties,Donegal,
127,Fort Dunree,Linsfort,Buncrana,Inishowen,Donegal,
128,Inishowen Maritime Museum and Planetarium,Old Coastguard Station,,Greencastle,Donegal,
129,Newmills Corn & Flax Mills,Milltown,Newmills,Letterkenny,Donegal,
130,The Dolmen Centre,Kilclooney ,,Portnoo,Donegal,
131,Colmcille Heritage Centre,Gartan,Church Hill,Letterkenny,Donegal,
132,Isaac Butt Heritage Centre,Cloghan,,Ballybofey,Donegal,
133,An tSean Bhearic - Falcarragh Visitor's Centre,Main Street,,Falcarragh,Donegal,
134,The Waterwheels,Abbey Assaroe,,Ballyshannon,Donegal,
135,The Workhouse,Figart,,Dunfanaghy,Donegal,
136,Teach Mhici MacGabhann,Doire Chonaire,Magheraroarty,Letterkenny,Donegal,
137,County Donegal Historical Society Museum,Franciscian Friary,,Rossnowlagh,Donegal,
138,Fintown Railway - An Mhuc Dhubh,Cumann Traenach na Gaeltachta Lair,,Fintown,Donegal,
139,Ardara Heritage Centre,The Diamond,,Ardara,Donegal,
140,Doagh Famine Village,Doagh Island,,Inishowen,Donegal,
141,Glenveagh National Park,Church Hill,,Letterkenny,Donegal,
142,Lurgyvale Thatched Cottages,,,Kilmacrennan,Donegal,
143,The Old Courthouse,The Diamond,,Lifford,Donegal,
144,Graham Family Museum,Ardagh,,St Johnston,Donegal,
145,Old Church VisitorsCentre,beside An Grianan Hotel,Burt,Inishowen,Donegal,
146,Biddy & Joe's Cottage,Galwolie,,Cloghan,Donegal,
147,Donegal County Archives,Three Rivers Centre,,Lifford,Donegal,
148,Lough Derg,Purgatorium Sancti Patricii,Lough Derg,Pettigoe,Donegal,
149,Killybegs International Carpet Making & Fishing Centre,The Carpet Factory,Fintra Road,Killybegs,Donegal,
150,Oakfield Park,,,Raphoe,Donegal,
151,Slieve League Cliffs Centre,Ionad Cultúreach Sliabh Liag,,Teelin,Donegal,
152,Teach John Mhicí Bán,,,Carrigart,Donegal,
153,The Cairn Visitor Centre,Drumaweir,,Greencastle,Donegal,
154,Monreagh Heritage Centre,Old Manse,Monreagh,Carrigans,Donegal,
155,Raphoe Heritage Project,Volt House,The Diamond,Raphoe,Donegal,
156,Castle Ward National Trust,Strangford,,Downpatrick,Down,BT30 7LS
157,Down County Museum,The Mall,,Downpatrick,Down,BT30 6AH
158,Downpatrick Railway Museum,Market Street,,Downpatrick,Down,BT30 6LZ
159,Exploris Aquarium,The Rope Walk,Castle Street,Portaferry,Down,BT22 1NZ
160,F.E. McWilliam Studio and Gallery,200 Newry Road,,Banbridge,Down,BT32 3NB
161,Nendrum Abbey and Monastic Site,Nendrum,,Strangford Lough,Down,BT23 6EP
162,Newry and Mourne Museum,Bagenal's Castle,Castle Street,Newry,Down,BT34 2BY
163,North Down Museum,Town Hall,The Castle,Bangor,Down,BT20 4BT
164,Somme Heritage Centre,233 Bangor Road,Whitespots,Newtownards,Down,BT23 7PH
165,Ulster Folk and Transport Museum,Cultra,,Holywood,Down,BT18 0EU
166,Airfield Trust,Overend Way,Dundrum,Dublin 14,Dublin ,
167,Áras an Uachtaráin,Phoenix Park,,Dublin 8,Dublin ,
168,Ardgillan Castle,,,Balbriggan,Dublin ,
169,All Hallows College Archives,Gracepark Road,Drumcondra,Dublin 9,Dublin ,
170,Phoenix Park Visitor Centre - Ashtown Castle,Ashtown Castle,Phoenix Park,Dublin 8,Dublin ,
171,Drimnagh Castle,Long Mile Road,Drimnagh,Dublin 12,Dublin ,
172,Dublin Castle,Dame Street,,Dublin 2,Dublin ,
173,The Jeanie Johnston Tall Ship,Custom House Quay,,Dublin 1,Dublin ,
174,Waterways Ireland Visitors Centre,Grand Canal Quay,,Dublin 2,Dublin ,
175,GPO Witness History - An Post Museum,General Post Office,O'Connell Street,Dublin 1,Dublin ,
176,Abbey Theatre Archive,26/27 Lower Abbey Street,,Dublin1,Dublin ,
177,Chester Beatty Library,Dublin Castle,Dame Street,Dublin 2,Dublin ,
178,Christ Church Cathedral,Christchurch Place,,Dublin 8,Dublin ,
179,Dublin City Gallery The Hugh lane,Charlemont House,Parnell Square North,Dublin 1,Dublin ,
180,Dublin Writers Museum,18 Parnell Square,,Dublin 1,Dublin ,
181,Dublinia,St Michaels Hill,Christchurch,Dublin 8,Dublin ,
182,Dublins City Hall,City Hall,Dame Street,Dublin 2,Dublin ,
183,Dublin City Library and Archive,138-144 Pearse Street,,Dublin 2,Dublin ,
184,Dublin Fire Brigade Museum,Malahide Road,Marino,Dublin 3,Dublin ,
185,Dublin Zoo,Phoenix Park,,Dublin 8,Dublin ,
186,Dún Laoghaire Local History Department at the Lexicon,Haigh Terrace,Moran Park,Dún Laoghaire,Dublin ,
187,Dunsink Observatory,Castleknock,,Dublin 15,Dublin ,
188,Blessed Edmund Rice House,North Richmond Street,,Dublin 1,Dublin ,
189,Erasmus Smith Trust Archive,The High School,Zion Road,Dublin 6,Dublin ,
190,Farmleigh,Phoenix Park,Castleknock,Dublin 15,Dublin ,
191,Fingal Local Studies & Archives,Clonmel House 2nd Floor,Forster Way,Swords,Dublin ,
192,Freemasons Hall Museum,17 Molesworth Street,,Dublin 2,Dublin ,
193,Fry Model Railway,Casino House,Malahide Road,Malahide,Dublin ,
194,The GAA Museum,St Joseph's Avenue,Drumcondra,Dublin 3,Dublin ,
195,Garda Síochána Museum and Archives,The Records Tower,Dublin Castle,Dublin 2,Dublin ,
196,Gallery of Photography,Meeting House Square,Temple Bar,Dublin 2,Dublin ,
197,Geological Survey of Ireland Archives,Beggars Bush,Haddington Road ,Dublin 4,Dublin ,
198,Geological Museum of Trinity College Dublin,Department of Geology,Trinity College,Dublin 2,Dublin ,
199,Glasnevin Cemetery Museum,Finglas Road,Glasnevin,Dublin 11,Dublin ,
200,"Imaginosity, Dublin's Childrens Museum",The Plaza Beacon South Quarter,Sandyford,Dublin 18,Dublin ,
201,Irish Air Corps Museum,Casement Aerodrome,Baldonnel,Dublin 22,Dublin ,
202,Irish Architectural Archive,45 Merrion Square,,Dublin 2,Dublin ,
203,Irish Film Archive,6 Eustace Street,Temple Bar,Dublin 2,Dublin ,
204,Military Archives,Cathal Brugha Barracks,Rathmines,Dublin 6,Dublin ,
205,Irish Jewish Museum,3 Walworth Road,Portobello,Dublin 8,Dublin ,
206,Irish Labour History Society Museum & Archives,Beggars Bush,Haddington Road ,Dublin 4,Dublin ,
207,Irish Museum of Modern Art,Royal Hospital ,Kilmainham,Dublin 8,Dublin ,
208,Irish Traditional Music Archive,73 Merrion Square,,Dublin 2,Dublin ,
209,Irish Theatre Archive,Dublin City Library and Archive,138-144 Pearse Street,Dublin 2,Dublin ,
210,James Joyce Tower and Museum,Joyce Tower,Sandycove Point,Sandycove,Dublin ,
211,Kilmainham Gaol Museum,Inchicore Road,,Dublin 8,Dublin ,
212,Lambert Puppet Theatre and Museum,Clifton Lane,,Monkstown,Dublin ,
213,Little Museum of Dublin,15 St. Stephen's Green,,Dublin 2,Dublin ,
214,Lusk Heritage Centre,,,Lusk,Dublin ,
215,Malahide Castle & Gardens,Malahide Demense,,Malahide,Dublin ,
216,Marsh's Library,St. Patrick's Close,,Dublin 8,Dublin ,
217,National Botanic Gardens,Glasnevin,,Dublin 9,Dublin ,
218,National Gallery of Ireland,Merrion Square West,,Dublin 2,Dublin ,
219,National Irish Visual Arts Library (NIVAL),The Clock Building NCAD,100 Thomas Street,Dublin 8,Dublin ,
220,National Leprechaun Museum,Twilfit House,Jervis Street,Dublin 1,Dublin ,
221,National Maritme Museum,Haigh terrace,,Dun Laoghaire,Dublin ,
222,National Museum of Ireland - Archaeology,Kildare Street,,Dublin 2,Dublin ,
223,National Museum of Ireland - Decorative Arts & History,Collins Barracks,Benburb Street,Dublin 7,Dublin ,
224,National Museum of Ireland - Natural History,Merrion Street,,Dublin 2,Dublin ,
225,National Photographic Archive,Meeting House Square,,Dublin 2,Dublin ,
226,National Transport Museum of Ireland,Heritage Depot ,Howth Demense,Howth,Dublin ,
227,Newbridge House - Museum of Curiosities,Hearse Road,,Donabate,Dublin ,
228,Newman House,85-86 St. Stephen's Green,,Dublin 2,Dublin ,
229,Number Twenty Nine (Georgian House Museum),29 Fitzwilliam Street Lower,,Dublin 2,Dublin ,
230,Old Jameson Distillery,Bow Street Distillery,Smithfield Village,Dublin 7,Dublin ,
231,Pearse Museum - St. Enda's Park,Grange Road,Rathfarnham,Dublin 16,Dublin ,
232,Plunket Museum of Irish Education,Church of Ireland College of Education,96 Upper Rathmines Road,Dublin 6,Dublin ,
233,Rathfarnham Castle,Rathfarnham,,Dublin 14,Dublin ,
234,Revenue Museum,Crypt of the Chapel Royal,Dublin Castle,Dublin 2,Dublin ,
235,Royal College of Physicians Heritage Centre,6 Kildare Street,,Dublin 2,Dublin ,
236,Royal Irish Academy Library,19 Dawson Street,,Dublin 2,Dublin ,
237,Skerries Mills,Skerries,,Fingal,Dublin ,
238,Local Studies,South Dublin County Library,Library Square,Dublin 24,Dublin ,
239,St. Patrick's Cathedral,St. Patrick's Close,,Dublin 8,Dublin ,
240,St. Audeon's Church & Visitor Centre,Cornmarket,High Street,Dublin 8,Dublin ,
241,St. Mary's Abbey,Meetinghouse Lane,Off Capel Street,Dublin 1,Dublin ,
242,State Apartments,Dublin Castle,,Dublin 2,Dublin ,
243,Swords Heritage Centre,Carnegie Library,North Street,Swords,Dublin ,
244,The Douglas Hyde Gallery,Trinity College,,Dublin 2,Dublin,
245,National Archives of Ireland,Bishop Street,,Dublin 8,Dublin,
246,The Science Gallery,Trinity College,,Dublin 2,Dublin,
247,The Herbarium,The Botany Building,Trinity College,Dublin 2,Dublin,
248,The Old Library & Book of Kells Exhibition,Trinity College,,Dublin 2,Dublin,
249,UCD Archives,UCD James Joyce Library,Belfield,Dublin 4,Dublin,
250,The Classical Museum,UCD John Henry Newman Building,Belfield,Dublin 4,Dublin,
251,Weingreen Museum,Arts and Social Sciences Building - Room 5036,Trinity College,Dublin 2,Dublin,
252,Zoological Museum,Department of Zoology,Trinity College,Dublin 2,Dublin,
253,Guinness Storehouse,St James Gate,,Dublin 8,Dublin ,
254,James Joyce Centre,35 North Great George’s Street,,Dublin 1,Dublin ,
255,James Joyce House of the Dead,15 Ushers Island,,Dublin 8,Dublin ,
256,National Print Museum,Garrisson Chapel Beggar's Bush,Haddington Road ,Dublin 4,Dublin ,
257,National Wax Museum Plus,4 Foster Place,Temple Bar,Dublin 2,Dublin ,
258,Royal Hibernian Academy,RHA Gallery,15 Ely Place,Dublin 2,Dublin ,
259,Hurdy-Gurdy Museum of Vintage Radio,Martello Tower,,Howth,Dublin ,
260,Dalkey Castle & Heritage Centre,Castle Street,,Dalkey,Dublin ,
261,St. Michan's Church,Church Street,,Dublin 7,Dublin ,
262,St. Werburgh'sChurch,Werburgh Street,,Dublin 8,Dublin ,
263,Leinster House,Kildare Street,,Dublin 2,Dublin ,
264,Tailor's Hall,Back Lane,,Dublin 8,Dublin ,
265,National Folklore Collection,UCD John Henry Newman Building,Belfield,Dublin 4,Dublin,
266,Casino Marino,Cherrymount Crescent off Malahide Road,Marino,Dublin 3,Dublin,
267,Irish Whiskey Museum,119 Grafton Street / 37 College Green,,Dublin 2,Dublin,
268,Hard Rock Cafe Dublin,12 Fleet Street,Temple Bar,Dublin 2,Dublin,
269,Sweny's Pharmacy,1 Lincoln Place,,Dublin 2,Dublin,
270,Castle Archdale Country Park,Rossmore,Lisnarick,Enniskillen,Fermanagh,BT94 1PP
271,Fermanagh County Museum,Enniskillen Castle Museums,,Enniskillen,Fermanagh,BT74 7HL
272,Florence Court National Trust,Florence Court,,Enniskillen,Fermanagh,BT92 1DB
273,Marble Arch Caves European Geopark,43 Marlbank Road,Legnabrocky,Florencecourt,Fermanagh,BT92 1EW
274,The Inniskillings Museum,Enniskillen Castle Barracks,,Enniskillen,Fermanagh,BT74 7HL
275,Sheelin Irish Lace Museum,Bellanaleck,,Enniskillen,Fermanagh,BT92 2BA
276,Dartfield Horse Museum and Heritage Centre,Kilrickle,,Loughrea,Galway,
277,Dunguaire Castle,,,Kinvara,Galway,
278,Athenry Heritage Centre,St. Mary's Church,The Square,Athenry,Galway,
279,Athenry Castle,,,Athenry,Galway,
280,Aughnanure Castle,,,Oughterard,Galway,
281,Battle of Aughrim Centre,Aughrim Village,,Ballinasloe,Galway,
282,Castleblakeney Heritage Centre,Castleblakeney,,Ballinasloe,Galway,
283,Clonfert Diocesan Museum,St Brendans Cathedral,Barrack Street,Loughrea,Galway,
284,Dan O'Mara Homestead/Connemara Heritage & History Centre,Lettershea,Lettershea,Clifden,Galway,
285,Connemara Pony Breeders Heritage Centre,The Showgrounds,,Clifden,Galway,
286,Coole Park & Gardens and Visitor Centre,Coole Nature Reserve,,Gort ,Galway,
287,Dún Uí Mhaoilíosa Museum,Renmore Barracks,,Renmore ,Galway,
288,Galway City Museum,Spanish Parade,,Galway,Galway,
289,Glengowla Mines,,,Oughterard,Galway,
290,Inishbofin Heritage Museum,,,Inishbofin,Galway,
291,James Mitchell Geology Museum,Department of Geology,NUI Galway,Galway,Galway,
292,Kiltartan Gregory Museum & Millenium Park,Kiltartan Cross,,Gort,Galway,
293,Kylemore Abbey & Victorian Walled Garden,Kylemore,,Connemara,Galway,
294,Lackagh Museum & Heritage Centre,Lackagh,,Turloughmore,Galway,
295,Leenane Sheep and Wool Centre,Leenane,,Connemara,Galway,
296,Mountbellew Forge Museum & Heritage Centre,Mountbellew Demense,,Mountbellew,Galway,
297,National Aquarium,Galway Atlantaquaria,,Salthill,Galway,
298,Nora Barnacle House,8 Bowling Green,,Galway,Galway,
299,Pearse's Cottage,Inbhear,,near Rosmuc,Galway,
300,Portumna Castle & Gardens,,,Portumna,Galway,
301,Station House Musuem,The Courtyard,Galway Road,Clifden,Galway,
302,Teach Synge,Inishmaan,,Aran Islands,Galway,
303,Thomas Dillon's Claddagh Gold Museum,1 Quay Street,,Galway,Galway,
304,Claregalway Museum,Rooaunmore,,Claregalway,Galway,
305,Herbarium,National University of Ireland Galway,,Galway,Galway,
306,Computer and Communications Museum of Ireland,IDA Business Park,Lower Dangan,Galway,Galway,
307,Kerry County Museum,Ashe Memorial Hall,Denny Street,Tralee,Kerry,
308,Kerry Local History and Archives Department,County Library Headquarters,Moyderwell,Tralee,Kerry,
309,The Skellig Experience Visitor Centre,Valentia Island,,Cahirciveen,Kerry,
310,Valentia Heritage Centre,School Road,Knightstown,Valentia Island,Kerry,
311,The Old Barracks Heritage Centre,Bridge Street,,Cahirciveen,Kerry,
312,Dingle Oceanworld Aquarium,The Wood,,Dingle,Kerry,
313,Ross Castle,,,Killarney,Kerry,
314,Kilgarvan Motor Museum,Slaheny,,Killarney,Kerry,
315,"Muckross House, Gardens & Traditional Farms",The National Park,,Killarney,Kerry,
316,Kenmare Heritage Centre,The Square,,Kenmare,Kerry,
317,Lartigue Monorailway,John B. Keane Road,,Listowel,Kerry,
318,Ardfert Cathedral,Ardfert,,Tralee,Kerry,
319,Derrynane House,Caherdaniel,,Tralee,Kerry,
320,Músaem Chorca Dhuibhne,Ballyferriter,,Tralee,Kerry,
321,Blennerville Windmill,Blennerville,,Tralee,Kerry,
322,Ballybunion Heritage Museum,Church Road,,Ballybunion,Kerry,
323,The Seanchaí Kerry Writers Museum,24 The Square,,Listowel,Kerry,
324,Vintage Wireless Museum,2 Cherrytree Drive,,Listowel,Kerry,
325,"Tarbert Bridewell, Courthouse and Jail",,,Tarbert,Kerry,
326,Tarbert House,,,Tarbert,Kerry,
327,Kerry Bog Village Museum,Ballincleave,,Glenbeigh,Kerry,
328,The Blasket Centre - Ionad an Bhlascoid Mhoir,Dun Chaoin,Ballyferriter,Tralee,Kerry,
329,Cloghane Brandon Heritage & Craft Centre - An Tinteán Ceoil,Halla Le Chéile,Clochán Bréanainn,Tralee,Kerry,
330,Listowel Castle,The Square,,Listowel,Kerry,
331,Athy Heritage Centre Museum,Emily Square,,Athy,Kildare,
332,Castletown House and Berkeley Costume and Toy Museum,,,Celbridge,Kildare,
333,Curragh Military Museum,,,Curragh Camp,Kildare,
334,Irish National Stud Horse Museum,Irish National Stud,Tully,Kildare,Kildare,
335,National Science Museum,Department of Experimental Physics,St. Patrick's College,Maynooth,Kildare,
336,Museum of Style Icons,Newbridge Silverware Visitor Centre,Athgarvan Road,Newbridge,Kildare,
337,Lullymore Heritage and Discovery Park,Lullymore,,Rathangan,Kildare,
338,Ballitore Library and Quaker Museum,Mary Leadbetter House,,Ballitore,Kildare,
339,Russell Library Archives,Maynooth university,,Maynooth,Kildare,
340,The Steam Museum & Lodge Park Walled Garden,Lodge Park ,,Straffan,Kildare,
341,Straffan Butterfly Farm,Ovidstown,,Straffan,Kildare,
342,The Mondello Park Museum of Motorsport,Donore,,Naas,Kildare,
343,Bog of Allen Nature Centre,Lullymore,,Rathangan,Kildare,
344,Leixlip Castle,Main Street,,Leixlip,Kildare,
345,Burtown House,Burtown,,Athy,Kildare,
346,OPW Maynooth University Archive & Research Centre,Castletown House,,Maynooth,Kildare,
347,Special Collections Exhibition Space,John Paul the Second Library,Maynooth University,Maynooth,Kildare,
348,Rothe House & Garden,Parliament Street,,Kilkenny,Kilkenny,
349,Tullaherin Local Museum,The Old Parochial House,Tullaherin,Bennettsbridge,Kilkenny,
350,Noreview Folk & Heritage Museum,,,Bennettsbridge,Kilkenny,
351,Edmund Rice Heritage Centre 'Westcourt',Westcourt,,Callan,Kilkenny,
352,Dunmore Caves,Ballyfoyle,,Dunmore,Kilkenny,
353,"Local History and Archives, Kilkenny Library",County Library Headquarters,,Kilkenny,Kilkenny,
354,Kilkenny Castle,Castle Road,,Kilkenny,Kilkenny,
355,St Canices Cathedral & Round Tower,The Close,Coach Road,Kilkenny,Kilkenny,
356,Duiske Abbey and Abbey Centre,,,Graiguenamanagh,Kilkenny,
357,Cushendale Woollen Mills,Mill Road,,Graiguenamanagh,Kilkenny,
358,Butler Gallery,Kilkenny Castle,,Kilkenny,Kilkenny,
359,Kilkenny Barracks Museum,James Stephens Barracks,Ballybought Street,Kilkenny,Kilkenny,
360,Archives of St. Kieran's College,St. Kieran's College,College Road,Kilkenny,Kilkenny,
361,Smithwicks Experience Kilkenny,St. Francis Abbey Brewery,Parliament Street,Kilkenny,Kilkenny,
362,Reptile Village Zoo,Demesne Road,,Gowran,Kilkenny,
363,Abbeyleix Heritage House,,,Abbeyleix,Laois,
364,Emo Court,,,Emo,Laois,
365,Stradbally Steam Museum,The Green ,,Stradbally,Laois,
366,Irish Fly Fishing and Game Shooting Museum,Attanagh,,Durrow,Laois,
367,Donaghmore Famine Workhouse Museum,Donaghmore,,Portlaoise,Laois,
368,Mountmellick Museum,Irishtown,,Mountmellick,Laois,
369,Poet's Cottage,Derry,,Camross,Laois,
370,Laois County Archive Service,County Library Service,Áras an Chontae,Portlaoise,Laois,
371,Bygones Museum,Bob's Bar,The Old Bridge,Durrow,Laois,
372,The Cavan and Leitrim Railway,Station House,Station Road,Dromod,Leitrim,
373,Parke's Castle,Lough Gill,Fivemile Bourne,Manorhamilton,Leitrim,
374,Sliabh an Iarainn Visitor Centre,Acres Lake,,Drumshanbo,Leitrim,
375,Sean MacDiarmada's Homestead,Laghty Barr,,Kittyclogher,Leitrim,
376,Glenview Folk Museum,Aghoo,,Ballinamore,Leitrim,
377,Fenagh Visitor Centre,Fenagh,,Ballinamore,Leitrim,
378,The Rainbow Ballroom of Romance,Brockagh,,Glenfarne,Leitrim,
379,Manorhamilton Castle,,,Manorhamilton,Leitrim,
380,St. George's Heritage & Visitor Centre,Church Lane (off Main Street) ,,Carrick-on-Shannon,Leitrim,
381,Local History Centre,"Unit 5, 1st Floor",Market Yard Centre ,Carrick-on-Shannon ,Leitrim,
382,Foynes Flying Boat & Maritime Museum,Aras Ide,,Foynes,Limerick,
383,Kilmallock Museum and History Trail,,,Kilmallock,Limerick,
384,King John's Castle,King's Island,,Limerick,Limerick,
385,The Hunt Museum,Customs House,Rutland Street,Limerick,Limerick,
386,Irish Palatine Museum & Heritage Centre,Old Railway Buildings,,Rathkeale,Limerick,
387,Limerick Museum,Limerick City and County Council,City Hall,Merchants Quay,Limerick,
388,Limerick Local Studies Archives,The Granary Library,Michael Street,Limerick,Limerick,
389,Lough Gur Heritage Centre,Lough Gur,,Bruff,Limerick,
390,Limerick City Gallery of Art,Carnegie Building,Pery Square,Limerick,Limerick,
391,Frank McCourt Museum,Leamy House,,Limerick,Limerick,
392,Genesius Theatrical Museum,Briar Cottage,,Bruree,Limerick,
393,Thomond Park Stadium & Munster Experience Museum,Thomond Park,,Cratloe Road,Limerick,
394,National Co-Operative Creamery Museum & Plunkett Heritage Centre,,Pound Street,Drumcollogher,Limerick,
395,North Munster Masonic Centre,9 Castle Street,,King's Island,Limerick,
396,Desmond Hall,The Square,,Newcastle West,Limerick,
397,Coleraine Regional Museum @ Market Yard,Market Yard,,Coleraine,Londonderry,BT52 1HD
398,Causeway Museum Service Exhibitions,Town Hall,,Coleraine,Londonderry,BT52 1DE
399,Foyle Valley Railway Museum,Foyle Road,,Derry,Londonderry,BT48 6SQ
400,Garvagh Museum,142a Main Street,,Garvagh,Londonderry,BT51 5AE
401,Green Lane Museum (Limavady Museum),Roe Valley Country Park,41 Dogleap Road,Limavaddy,Londonderry,BT49 9NN
402,Hezlett House,107 Sea Road,Castlerock,Coleraine,Londonderry,BT51 4TW
403,Harbour Museum,Harbour Square,,Derry,Londonderry,BT48 6AF
404,Museum of Free Derry,55 Glenfada Park,Edenballymore,Derry,Londonderry,BT48 9DR
405,Springhill House National Trust,20 Springhill Road,Moneymore,Magherafelt,Londonderry,BT45 7NQ
406,St. Columb's Cathedral,17 London Street,,Derry,Londonderry,BT48 6RQ
407,Tower Museum,Union Hall Place,,Derry,Londonderry,BT48 6LU
408,Battle of Ballinamuck Visitor Centre,1798 Memorial Hall,1798 Memorial Hall,Ballinamuck,Longford,
409,Ardagh Heritage and Creativity Centre,Old Schoolhouse,,Ardagh,Longford,
410,Corlea Trackway Visitor Centre,,,Kenagh,Longford,
411,Longford County Archives and Local Studies,Longford Library Headquarters,,Longford,Longford,
412,Beaulieu House & Gardens,Beaulieu,,Drogheda,Louth,
413,County Museum Dundalk,Roden Place,Jocelyn Street,Dundalk,Louth,
414,Highlanes Gallery,St. Laurence Street,,Drogheda,Louth,
415,Louth County Archives Service,Old Gaol,,Dundalk,Louth,
416,Drogheda Museum Millmount,Millmount Complex,,Drogheda,Louth,
417,Carlingford Heritage Centre,,,Carlingford,Louth,
418,The Tholsel Information Centre,West Street,,Drogheda,Louth,
419,Old Mellifont Abbey Visitor Centre,Tullyallen,,Drogheda,Louth,
420,Agnes Burn Cottage & Visitor Centre,Stephenstown Road,Knockbridge,Dundalk,Louth,
421,Shrine of St. Oliver Plunkett,St. Peter's Church,West Street,Drogheda,Louth,
422,Clarke Railway Station,Carrickmacross Road,,Dundalk,Louth,
423,Cooley Peninsula Tourist Office,The Old Railway Station,,Carlingford,Louth,
424,Greenore Railway Museum,Euston Street,,Greenore,Louth,
425,Ballintubber Abbey & The Celtic Furrow,Ballintubber,,Claremorris,Mayo,
426,Belcarra Eviction Cottage,Elmhall,,Belcarra,Mayo,
427,Céide Fields Visitor Centre,,,Ballycastle,Mayo,
428,Famine Museum and Grainne Uaile Centre,Former St. Catherines Church of Ireland,,Louisburgh,Mayo,
429,Clew Bay Heritage Centre,The Quay,,Westport,Mayo,
430,Teach Na Miasa - Croagh Patrick Visitor Centre,Teach na Miasa,,Murrisk,Mayo,
431,Jackie Clarke Collection,Pearse Street,,Ballina,Mayo,
432,Ionad Deirbhle Visitor Centre,Eachleim,,Blacksod,Mayo,
433,Foxford Woollen Mills Visitor Centre,,,Foxford,Mayo,
434,Father Peyton CSC Memorial Centre,Attymass,,Ballina,Mayo,
435,Hennigans Heritage Centre,Killasser,,Swinford,Mayo,
436,Kiltimagh Railway Museum,Old Railway Station ,,Kiltimagh ,Mayo,
437,Knock Museum,The Shrine,,Knock,Mayo,
438,Mayo North Heritage Centre,Enniscoe,Castlehill,Ballina ,Mayo,
439,Mayo Local Studies,Local History Department of Central Library,John Moore Road,Castlebar,Mayo,
440,Michael Davitt Museum,Straide,,Foxford ,Mayo,
441,National Museum of Ireland - Country Life ,Turlough Park ,,Castlebar,Mayo,
442,Quiet Man Cottage Museum,Circular Road,,Cong,Mayo,
443,Clogher Heritage Complex,Newtown,Clogher,Claremorris,Mayo,
444,Westport House,,,Westport,Mayo,
445,Belleek Castle,,,Ballina,Mayo,
446,Battle of the Boyne Visitor Centre,Oldbridge,,Drogheda,Meath,
447,Columban Mission Awareness Centre,Daigan Park,,Navan,Meath,
448,Irish Military War Museum,Starinagh,,Collon,Meath,
449,Francis Ledwidge Museum,Janeville,,Slane,Meath,
450,Meath Local Studies,Library Headquarters,Railway Street,Navan,Meath,
451,Slane Castle,,,Slane,Meath,
452,Brú na Boinne Visitor Centre,,,Donore,Meath,
453,Monaghan County Museum,1-2 Hill Street,,Monaghan,Monaghan,
454,Patrick Kavanagh Centre,,,Inniskeen,Monaghan,
455,The Wildlife and Heritage Centre,Listinny,,Clontibret,Monaghan,
456,Clones Lace Museum,Ulster Canal Stores,Cara Street,Clones,Monaghan,
457,Clogher Historical Society,St Macartans College,,Monaghan,Monaghan,
458,Carrickmacross Workhouse,Shercock Road,,Carrickmacross,Monaghan,
459,Clonmacnoise Visitors Centre,,,Shannonbridge,Offaly,
460,Tullamore Dew Visitor Centre,Bury Quay,,Tullamore,Offaly,
461,Birr Castle Gardens and Science Centre,Birr Demesne,,Birr,Offaly,
462,The Explorer's Museum,Charleville Castle,,Tullamore,Offaly,
463,Offaly Local Studies and Archives Service,County Library Headquarters,O'Connor Square,Tullamore,Offaly,
464,Presentation Convent,,,Killina,Offaly,
465,Cruachan Aí / Rathcroghan Heritage Centre,,,Tulsk,Roscommon,
466,Boyle Abbey,,,Boyle,Roscommon,
467,Castlecoote House,,,Castlecoote,Roscommon,
468,Elphin Windmill,Windmill Road,,Elphin,Roscommon,
469,Clay Pipe Visitor Centre,,,Knockcroghery,Roscommon,
470,Clonallis House,,,Castlerea,Roscommon,
471,Derryglad Folk & Heritage Museum,Curraghboy,,Athlone,Roscommon,
472,Dr. Douglas Hyde Interpretive Centre,Portahard,,Frenchpark,Roscommon,
473,Drum Heritage Visitor Centre,Drum,,Athlone,Roscommon,
474,Hells Kitchen Railway Museum,Main Street,,Castlerea,Roscommon,
475,Strokestown Park - The Irish National Famine Museum,Strokestown Park House,,Strokestown,Roscommon,
476,King House: Historic Mansion and Military Barracks,Main Street,,Boyle,Roscommon,
477,Roscommon County Museum,John Harrison Memorial Hall,The Square,Roscommon,Roscommon,
478,Arigna Mining Experience,Derreenavoggy ,,Arigna,Roscommon,
479,Carrowmore Visitor Centre & Megalithic Cemetery,,,Carrowmore,Sligo,
480,Lissadell House,Lissadell,,Ballinfull,Sligo,
481,Sligo Abbey,Abbey Street,,Sligo,Sligo,
482,The Model and Niland Collection,The Mall,,Sligo,Sligo,
483,Sligo Local Studies,County Library,Stephen Street,Sligo,Sligo,
484,Sligo Folk Park,Millview House,,Riverstown,Sligo,
485,The Yeats Memorial Building,Hyde Bridge,,Sligo,Sligo,
486,Sligo County Museum,Stephen Street,,Sligo,Sligo,
487,The Coleman Irish Music Centre,,,Gurteen ,Sligo,
488,Dolly's Cottage,,,Strandhill,Sligo,
489,Bolton Library,John Street,,Cashel,Tipperary,
490,Cahir Castle,,,Cahir,Tipperary,
491,Tipperary Agricultural and Heritage Museum,Golden,,Cashel,Tipperary,
492,Ormonde Castle,Castle Park,Off Castle Street,Carrick -0n-Suir,Tipperary,
493,Redwood Castle,,,Lorrha,Tipperary,
494,Carrick on Suir Heritage Centre,Main Street,,Carrick on Suir,Tipperary,
495,Farney Castle,,,Holy Cross,Tipperary,
496,Fethard Folk Farm and Transport Museum,Cashel Road,,Fethard,Tipperary,
497,Lár na Páirce,Slievnamon Road,,Thurles,Tipperary,
498,Nenagh Heritage Centre,The Governor's House ,Kickham Street,Nenagh,Tipperary,
499,Parson's Green Agricultural Museum,Parson's Green Family Park,,Clogheen,Tipperary,
500,"Roscrea Heritage, Castle and Damer House",Castle Street,,Roscrea,Tipperary,
501,Swiss Cottage,Kilcommmon,,Cahir,Tipperary,
502,The Famine Warhouse 1848,,,Ballingarry,Tipperary,
503,Slieveardagh Coalmining Museum,The Old Schoolhouse,Commons,Ballingarry,Tipperary,
504,Thurles Famine and War Museum,St. Mary's Church of Ireland,,Thurles,Tipperary,
505,Tipperary County Museum,Mick Delahunty Square,,Clonmel,Tipperary,
506,Rock of Cashel,St. Patrick's Rock of Cashel,,Cashel,Tipperary,
507,Cashel Folk Village,St. Dominics Street,,Cashel,Tipperary,
508,Cashel Heritage Centre,City Hall,,Cashel,Tipperary,
509,Brú Ború Heritage Centre,,,Cashel,Tipperary,
510,Tipperary County Archives Service,Carrigeen Business Park,,Clonmel,Tipperary,
511,Museum of Transport,Gortnafleur Business Park,Waterford Road,Clonmel,Tipperary,
512,Cormackstown Heritage Centre,Holycross,,Thurles,Tipperary,
513,Thomas MacDonagh Heritage Centre,Lower Main Street,,Cloughjordan,Tipperary,
514,Tipperary Studies,The Source,Cathedral Street,Thurles,Tipperary,
515,Holycross Abbey,Holycross,,Thurles,Tipperary,
516,The Main Guard,Sarsfield Street,,Clonmel,Tipperary,
517,Benburb Valley Heritage Centre,89 Milltown Road,Tullymore Etra,Milltown,Tyrone,BT71 7LZ
518,Gray's Printing Press Museum,49 Main Street,,Strabane,Tyrone,BT82 8AU
519,The Argory National Trust,144 Derrycaw Road,Moy,Dungannon,Tyrone,BT71 6NA
520,Ulster American Folk Park,2 Mellon Road,Castletown,Omagh,Tyrone,BT78 5QU
521,Wilson Ancestral Home,28 Sprout Road,Dergalt,Strabane,Tyrone,BT82 8NB
522,Strabane Museum,47 Derry Road,,Strabane,Tyrone,BT82 8DY
523,Waterford Treasures - Bishop's Palace,The Mall,,Waterford,Waterford,
524,Museum of Contemporary Figurative Arts and Gardens,Fairbrook House,,Kilmeaden,Waterford,
525,Lismore Castle Gardens and Gallery,Lismore Castle,,Lismore,Waterford,
526,Copper Coast Geopark Centre,Knockmahon,,Bunmahon,Waterford,
527,"Curraghmore House, Shell House & Gardens",,,Portlaw,Waterford,
528,Cappoquin House and Gardens,,,Cappoquin,Waterford,
529,Edmund Rice International Heritage Centre,Mount Sion,,Waterford,Waterford,
530,Waterford Treasures - Medieval Museum,Cathedral Square,,Waterford,Waterford,
531,Waterford County Museum,Old Town Hall,,Dungarvan,Waterford,
532,Waterford Municipal Art Collection,Theatre Royal,,Waterford,Waterford,
533,Greyfriars Municipal Art Gallery,Greyfriars Street,,Waterford,Waterford,
534,Waterford City Archives,High Street,,Waterford,Waterford,
535,Waterford County Archives ,Dungarvan Library,Davitt's Quay,Dungarvan,Waterford,
536,Lismore Heritage Centre,Lismore,,Lismore,Waterford,
537,Waterford Treasures - Reginald's Tower,The Quay,,Waterford,Waterford,
538,Dungarvan Castle,Castle Street,,Dungarvan,Waterford,
539,The Old Market House,Lower Main Street ,,Dungarvan,Waterford,
540,House of Waterford Crystal,The Mall,,Waterford,Waterford,
541,Christ Church Cathedral,Cathedral Square,,Waterford,Waterford,
542,Bewick Art Exhibition WIT,Walton Building,,WIT,Waterford,
543,Coast Guard Cultural Centre,Tramore Coast Guard Station,Love Lane,Tramore,Waterford,
544,The Kilbeggan Distilery Experience,Lower Main Street,,Kilbeggan,Westmeath,
545,The Ecclesiastical museum,Cathedral of Christ the King,Cathedral House,Mullingar,Westmeath,
546,Dún na Sí Amenity and Heritage Park,,,Moate,Westmeath,
547,Moate Museum,The Bridewell,,Moate,Westmeath,
548,Military Museum,Custume Barracks,,Athlone,Westmeath,
549,Tullynally Castle and Gardens,Tullynally Castle,,Castlepollard,Westmeath,
550,Belvedere House Gardens & Park,,,Mullingar,Westmeath,
551,Athlone Castle ,Castle Street,,Athlone,Westmeath,
552,Westmeath Local Studies and Archives,Library Headquarters,Mount Street,Mullingar,Westmeath,
553,Riverside Farm Museum,Clonava,,Castlepollard,Westmeath,
554,Duncannon Fort,Duncannon,,New Ross,Wexford,
555,The Irish National Heritage Park,,,Ferrycarrig,Wexford,
556,Enniscorthy Castle,Castle Hill,,Enniscorthy,Wexford,
557,Irish Agricultural Museum,Johnstown Castle Estate,,Johnstown Castle,Wexford,
558,Hook Lighthouse & Heritage Centre,Churchtown,,The Hook,Wexford,
559,The Kennedy Homestead,Dunganstown,,New Ross,Wexford,
560,National 1798 Rebellion Centre,Arnold's Cross,Mill Park Road,Enniscorthy,Wexford,
561,Ballymore Historic Features,Ballymore,,Camolin,Wexford,
562,Dunbrody Abbey Visitor Centre,,,New Ross,Wexford,
563,Dunbrody Famine Ship,,,New Ross,Wexford,
564,Fr Murphy Centre,Tomnaboley,Boolavogue,Ferns,Wexford,
565,Wexford County Archive,Unit 6A Ardcavan Business Park,,Ardcavan,Wexford,
566,"Newtownbarry House, Gardens & Gallery",,,Bunclody,Wexford,
567,Rosslare Harbour Maritime Heritage Centre,,Ballygillane,Rosslare Harbour,Wexford,
568,Altidore Castle,,,Kilpedder,Wicklow,
569,Tom Barrington History Room,Ballywaltrim Library,Boghall Road,Bray,Wicklow,
570,Maritime Museum Arklow,Bridgewater Centre,North Quay,Arklow,Wicklow,
571,Baltinglass Library,Market Square,,Baltinglass,Wicklow,
572,Greenan Farm Museums and Maze,Ballinanty,Greenan,Rathdrum,Wicklow,
573,Dwyer McAllister Cottage,Derrynamuck,Knockanarrigan,Glen of Imaal,Wicklow,
574,Russborough House,Russborough,,Blessington,Wicklow,
575,Avondale House and Forest Park,,,Rathdrum,Wicklow,
576,Glencree Visitor Centre,Glencree Centre for Reconciliation,,Glencree,Wicklow,
577,Glendalough Visitor Centre,Glendalough,,Laragh,Wicklow,
578,Wicklow Mountains National Park Information Office,Upper Lake,,Glendalough,Wicklow,
579,Kilruddery House and Gardens,Southern Cross,,Bray,Wicklow,
580,Powerscourt House and Gardens,Powerscourt Estate,,Bray,Wicklow,
581,Wicklow's Historic Gaol 1710-1924,Kilmantin Hill,,Wicklow,Wicklow,
582,Tara's Palace Museum of Childhood,Powerscourt house,,Enniskerry,Wicklow,
583,Coolakay House Farm Museum,Powerscourt Waterfall Road,,Enniskerry,Wicklow,
584,National Sealife Aquarium,The Promenade,,Bray,Wicklow,
585,Ballymurrin Quaker Farmstead,,,Kilbride,Wicklow,
586,National Botanic Gardens - Kilmacurragh,,,Kilmacurragh,Wicklow,